type,id,Labels_001,Labels_002,properties_unique,properties_namespace,properties_description,properties_title,properties_uri,properties_xsd_type,properties_identifier,properties_ontology_level,properties_html_info,properties_admin,properties_sing,properties_pl,properties_version,properties_comment,properties_url,label,start_id,start_labels,end_id,end_labels_001,properties_level,end_labels_002
node,0,TBox,property,False,dcterms,Date of creation of the resource.,created,http://example.org/tbox/created,xsd:dateTimeStamp,,,,,,,,,,,,,,,,
node,1,TBox,property,False,dcterms,A URI that identifies a party or group who can access the resource or an indication of its security status.,accessrights,http://example.org/tbox/accessrights,xsd:anyURI,,,,,,,,,,,,,,,,
node,2,Abox,,,,A Sensor Collar,SensorCollar1,,,http://example.org/abox/SensorCollar8153e23d,,,,,,,,,,,,,,,
node,3,Abox,,,,A Herd,Herd1,,,http://example.org/abox/Herdae1a69e9,,,,,,,,,,,,,,,
node,4,Abox,,,,A Cow,Cow1,,,http://example.org/abox/Cowebcc054f,,,,,,,,,,,,,,,
node,5,Abox,,,,A IMU Sensor,IMUSensor1,,,http://example.org/abox/IMUSensorf9404e5d,,,,,,,,,,,,,,,
node,6,Abox,,,,An activity,Sensing2,,,http://example.org/abox/Sensingae00225d,,,,,,,,,,,,,,,
node,7,Abox,,,,An activity,Sensing1,,,http://example.org/abox/Sensingc772a8a1,,,,,,,,,,,,,,,
node,8,Abox,,,,A query,Query1,,,http://example.org/abox/Query39192292,,,,,,,,,,,,,,,
node,9,Abox,,,,A query,Query2,,,http://example.org/abox/Querybc3837d3,,,,,,,,,,,,,,,
node,10,Abox,,,,A query,Query3,,,http://example.org/abox/Queryad1015ac,,,,,,,,,,,,,,,
node,11,Abox,,,,A query,Query4,,,http://example.org/abox/Queryf1f13065,,,,,,,,,,,,,,,
node,12,Abox,,,,An IMUSensro data,IMUData1,,,http://example.org/abox/IMUSensorData022035ed,,,,,,,,,,,,,,,
node,13,Abox,,,,Video data generated from vedio sensing,VideoRecording1,,,http://example.org/abox/VideoDatadb84cb6d,,,,,,,,,,,,,,,
node,14,Abox,,,,An activity which represents an expert stays at farm to collect data,FarmStay1,,,http://example.org/abox/FarmStayb34f5094,,,,,,,,,,,,,,,
node,15,Abox,,,,An agent or person,Lara,,,http://example.org/abox/Person7bcedef0,,,,,,,,,,,,,,,
node,16,Abox,,,,An activity that happens in the farm for collecting groundtruth data,GroundTruthGeneration1,,,http://example.org/abox/GroundTruthGenerationf6f3135b,,,,,,,,,,,,,,,
node,17,Abox,,,,a DataSet that contains the ground truth generated from video files,GroundTruth1,,,http://example.org/abox/GroundTruth949a4f3a,,,,,,,,,,,,,,,
node,18,Abox,,,,A specified set of data that is stored in a data store and can be retrieved using a query.,Database1,,,http://example.org/abox/DataSet743f627d,,,,,,,,,,,,,,,
node,19,Abox,,,,An activity for converting raw data into,DataProcessing1,,,http://example.org/abox/DataProcessing7c27853b,,,,,,,,,,,,,,,
node,20,Abox,,,,A system that represents an algorithm that can manipulate data ,DataProcessor1,,,http://example.org/abox/DataProcessor2c6f126c,,,,,,,,,,,,,,,
node,21,Abox,,,,An activity to create a labeled data set from a sensor dataset ,Train1,,,http://example.org/abox/Training985c51af,,,,,,,,,,,,,,,
node,22,Abox,,,,An activity to generate a LearningModel from a DataProcessor,ModelGeneration1,,,http://example.org/abox/ModelGenerationcbe4c4b4,,,,,,,,,,,,,,,
node,23,Abox,,,,A document generated by Evaluation activity over labeledData,FeedbackReport1,,,http://example.org/abox/FeedbackReport4aeb69fb,,,,,,,,,,,,,,,
node,24,TBox,,,skm,Mother of all knowledge classes.,D4Thing,,,http://example.org/tbox/kbmsthing,upper,Add a new general item that does not have a specific type.,yes,KBMS Thing,KBMS Things,v3.1,,,,,,,,,
node,25,TBox,,,prov,An agent is something that bears some form of ,Agent,,,http://example.org/tbox/agent,upper,,yes,Agent,Agents,v6.0,,,,,,,,,
node,26,TBox,,,prov,"An activity is something that occurs over a period of time and acts upon or with entities; it may include consuming, processing, transforming, modifying, relocating, using, or generating entities.",Activity,,,http://example.org/tbox/activity,upper,,,Activity,Activities,v6.0,,,,,,,,,
node,27,TBox,,,prov,"An entity is a physical, digital, conceptual, or other kind of thing with some fixed aspects; entities may be real or imaginary.",Entity,,,http://example.org/tbox/entity,upper,,,Entity,Entities,v6.0,,,,,,,,,
node,28,Abox,,,,An activity to evaluate the results of a lebeled dataset,Evaluation1,,,http://example.org/abox/Evaluationbacfc312,,,,,,,,,,,,,,,
node,29,Abox,,,,a DataSet that contains the ground truth generated from video files,GroundTruth2,,,http://example.org/abox/GroundTruth42252145,,,,,,,,,,,,,,,
node,30,Abox,,,,A user of type agent,Dev1,,,http://example.org/abox/User6a9a9e45,,,,,,,,,,,,,,,
node,31,Abox,,,,A DataProcessor which represents a ML algorithm ,LearningProcessor1,,,http://example.org/abox/LearningProcessorb286c303,,,,,,,,,,,,,,,
node,32,Abox,,,,A dataset that contains sensor data with generated labels,LabeledDS2,,,http://example.org/abox/LabeledDatababfb183,,,,,,,,,,,,,,,
node,33,Abox,,,,A dataset that contains sensor data with generated labels,LabeledDS1,,,http://example.org/abox/LabeledDatab73c874d,,,,,,,,,,,,,,,
node,34,Abox,,,,An activity to create a labeled data set from a sensor dataset ,Prediction1,,,http://example.org/abox/Predictionfac66fcc,,,,,,,,,,,,,,,
node,35,Abox,,,,An learning model,LearningModel1,,,http://example.org/abox/LearningModel401645b9,,,,,,,,,,,,,,,
node,36,Abox,,,,An sensor data from IMU Sensor,IMUData2,,,http://example.org/abox/IMUSensorDatadcf9f63a,,,,,,,,,,,,,,,
node,70,TBox,,,skm,Represents data or digital resources stored outside of the skm system.,Data,,,http://example.org/tbox/data,upper,,,Data,Data,v3.1,,,,,,,,,
node,71,TBox,,,skm,A data file in a specified format that is human readable or meant to be read by an external application.,Document,,,http://example.org/tbox/document,upper,"Add a new document to the system to make it available to others. <br/> - Add a title and choose the <span id=""blue"">activity</span>, <span id=""blue"">resources</span> and <span id=""blue"">keywords</span> accordingly. <br/> - Add <span id=""blue"">new keywords</span> you think fit, if needed. <br/> - Add a <span id=""blue"">description</span> and  upload the <span id=""blue"">file</span>itself. <br/> - You are preset as <span id=""blue"">creator</span> of the data, but you can also change it to someone else.",,Document,Documents,v3.1,,,,,,,,,
node,72,TBox,,,skm,A specified set of data that is stored in a data store and can be retrieved using a query.,DataSet,,,http://example.org/tbox/dataset,upper,"Add a new document to the system to make it available to others. <br/> - Add a title and choose the <span id=""blue"">activity</span>, <span id=""blue"">resources</span> and <span id=""blue"">keywords</span> accordingly. <br/> - Add <span id=""blue"">new keywords</span> you think fit, if needed. <br/> - Add a <span id=""blue"">description</span> and  upload the <span id=""blue"">file</span>itself. <br/> - You are preset as <span id=""blue"">creator</span> of the data, but you can also change it to someone else.",,Data Set,Data Sets,v3.1,,,,,,,,,
node,73,TBox,,,skm,Instructions to locate and access any Data item.,Query,,,http://example.org/tbox/query,upper,,,Query,Queries,v4.0,,,,,,,,,
node,74,TBox,,,skm,"An organization is a social or legal institution such as a company, society, etc.",Organization,,,http://example.org/tbox/organization,upper,,yes,Organization,Organizations,v3.1,,,,,,,,,
node,75,TBox,,,skm,"Systems that can create knowledge, like sensors or software.",System,,,http://example.org/tbox/system,upper,,,System,Systems,v3.1,,,,,,,,,
node,76,TBox,,,skm,Person agents are people.,Person,,,http://example.org/tbox/person,upper,,yes,Person,People,v3.1,,,,,,,,,
node,77,TBox,,,skm,People that create knowledge and have an account on the skm system.,User,,,http://example.org/tbox/user,upper,,yes,User,Users,v3.1,,,,,,,,,
node,78,TBox,,,car,remove,DataCollection,,,,lower,,,,,v6.0,,,,,,,,,
node,79,TBox,,,car,An activity for converting raw data into ,DataProcessing,,,,lower,,,,,v6.0,,,,,,,,,
node,80,TBox,,,car,An activity that happens in the farm for collecting groundtruth data,GroundTruthGeneration,,,,lower,,,,,v6.0,,,,,,,,,
node,81,TBox,,,,An activity which represents an expert stays at farm to collect data,FarmStay,,,,lower,,,,,v6.1,,,,,,,,,
node,82,TBox,,,car,An activity that happens in the farm for collecting sensor data,Sensing,,,,lower,,,,,v6.0,,,,,,,,,
node,83,TBox,,,car,An activity to evaluate the results of a lebeled dataset,Evaluation,,,,lower,,,,,v6.0,,,,,,,,,
node,84,TBox,,,car,An activity to create a labeled data set from a sensor dataset ,Prediction,,,,lower,,,,,,,,,,,,,,
node,85,TBox,,,car,An activity to create a labeled data set from a sensor dataset ,Training,,,,lower,,,,,,,,,,,,,,
node,86,TBox,,,car,An activity to generate a LearningModel from a DataProcessor,ModelGeneration,,,,lower,,,,,,,,,,,,,,
node,87,TBox,,,car,remove,Learning,,,,lower,,,,,v6.0,,,,,,,,,
node,88,TBox,,,car,An agent which represent an animal in a Herd,Cow,,,,lower,,,,,v6.0,,,,,,,,,
node,89,TBox,,,car,An agent which represents more than one animal,Herd,,,,lower,,,,,v6.0,,,,,,,,,
node,90,TBox,,,car,remove,EvalResult,,,,lower,,,,,v6.0,,,,,,,,,
node,91,TBox,,,car,remove,IMUDataProcessor,,,,lower,,,,,v6.0,,,,,,,,,
node,93,TBox,,,car,A DataProcessor which represents a ML algorithm,LearningProcessor,,,,lower,,,,,v6.0,,,,,,,,,
node,94,TBox,,,car,remove,OfflineDataProcessor,,,,lower,,,,,v6.0,,,,,,,,,
node,95,TBox,,,car,a DataSet that contains the ground truth generated from video files,GroundTruth,,,,lower,,,,,v6.0,,,,,,,,,
node,96,TBox,,,car,remove,GroundTruthReport,,,,lower,,,,,v6.0,,,,,,,,,
node,97,TBox,,,car,A dataset that contains special information about about a LearningProcessor,LearningModel,,,,,,,,,,,,,,,,,,
node,98,TBox,,,car,A dataset that contains sensor data with generated labels,LabeledData,,,,,,,,,,,,,,,,,,
node,99,TBox,,,car,A dataset that contains GPS updates collected by GPSSensors,GPSData,,,,lower,,,,,v6.0,,,,,,,,,
node,100,TBox,,,car,remove,TrainingDS,,,,lower,,,,,v6.0,,,,,,,,,
node,101,TBox,,,car,A document generated by Evaluation activity over labeledData,FeedbackReport,,,,,,,,,,,,,,,,,,
node,102,TBox,,,car,A document generated by Sensing,VideoData,,,,lower,,,,,v6.0,,,,,,,,,
node,103,TBox,,,car,A dataset that contains data collected by IMUSensors,IMUSensorData,,,,lower,,,,,v6.0,,,,,,,,,
node,104,TBox,,,car,remove,Model,,,,lower,,,,,v6.0,,,,,,,,,
node,105,TBox,,,car,remove,BMProcessor,,,,lower,,,,,v6.0,,,,,,,,,
node,106,TBox,,,car,LearningModel that contains information for BinaryLearningProcessor,BinaryGrayzing,,,,lower,,,,,v6.0,,,,,,,,,
node,107,TBox,,,car,Sn sensor which collects ground truth in the farm,MGNCamera,,,,lower,,,,,v6.0,,,,,,,,,
node,108,TBox,,,car,Sn sensor which collects IMU data of an animal,IMUSensor,,,,lower,,,,,v6.0,,,,,,,,,
node,109,TBox,,,car,Sn sensor which collects GPS updates of an animal,GPSSensor,,,,lower,,,,,v6.0,,,,,,,,,
node,110,TBox,,,car,Sn sensor which represent an animal in s Herd,SensorCollar,,,,lower,,,,,v6.0,,,,,,,,,
node,111,TBox,,,car,Sn system that represents an algorithm that can manipulate data ,DataProcessor,,,,lower,,,,,v6.0,,,,,,,,,
node,112,TBox,,,car,remove,TrainingSystem,,,,lower,,,,,v6.0,,,,,,,,,
node,113,TBox,,,car,LearningPn is a learningprocessor that generates binary grazing labels,BinaryGrazingProcessor,,,,lower,,,,,,,,,,,,,,
node,114,TBox,,,car,Systems which represents sensors,Sensor,,,,lower,,,,,,,,,,,,,,
node,115,namespace,,,,,dcterms,http://purl.org/dc/terms/,,,,,,,,,,www.dublincore.org/documents/dcmi-terms/,,,,,,,
node,116,namespace,,,,,skm,http://uni-bamberg.de/mobi/skm,,,,,,,,,upper: generic terms for SKM system,https://www.uni-bamberg.de/en/mobi/research/simutool/,,,,,,,
node,117,namespace,,,,,foaf,http://xmlns.com/foaf/spec/,,,,,,,,,,http://xmlns.com/foaf/spec/,,,,,,,
node,122,namespace,,,,,prov,http://www.w3.org/ns/prov#,,,,,,,,,,http://www.w3.org/ns/prov#,,,,,,,
node,123,TBox,property,False,dcterms,The nature or genre of the Data.,type,http://example.org/tbox/type,xsd:string,,,,,,,,,,,,,,,,
node,124,TBox,property,False,skm,Information how to locate the relevant aspects of the data.,schema,http://example.org/tbox/schema,xsd:anyURI,,,,,,,,,,,,,,,,
node,125,TBox,property,False,dcterms,A name given to the resource.,title,http://example.org/tbox/title,xsd:string,,,,,,,,,,,,,,,,
node,126,TBox,property,False,dcterms,"Description may include but is not limited to: an abstract, a table of contents, a graphical representation, or a free-text account of the resource.",description,http://example.org/tbox/description,xsd:string,,,,,,,,,,,,,,,,
node,127,TBox,property,True,dcterms,An unambiguous reference to the resource within a given context.,identifier,http://example.org/tbox/identifier,xsd:anyURI,,,,,,,,,,,,,,,,
node,129,TBox,property,False,skm,"A unique, namespace-qualified id of the original type if not in the current model.",origintype,http://example.org/tbox/origintype,xsd:anyURI,,,,,,,,,,,,,,,,
node,131,TBox,property,False,dcterms,The data container format.,format,http://example.org/tbox/format,xsd:anyURI,,,,,,,,,,,,,,,,
node,132,TBox,property,False,dcterms,Where to locate the Data provider (server or endpoint address).,coverage,http://example.org/tbox/coverage,xsd:anyURI,,,,,,,,,,,,,,,,
node,133,TBox,property,False,foaf,The family name of some person. ,familyname,http://example.org/tbox/familyname,xsd:string,,,,,,,,,,,,,,,,
node,134,TBox,property,False,foaf,The given name of some person. ,givenname,http://example.org/tbox/givenname,xsd:string,,,,,,,,,,,,,,,,
node,135,TBox,property,False,foaf,"A personal mailbox, ie. an Internet mailbox associated with exactly one owner, the first owner of this mailbox.",mbox,http://example.org/tbox/mbox,xsd:anyURI,,,,,,,,,,,,,,,,
node,136,TBox,property,False,prov,The time at which an activity started. See also prov:endedAtTime.,startedattime,http://example.org/tbox/startedattime,xsd:dateTime,,,,,,,,,,,,,,,,
node,137,TBox,property,False,prov,The time at which an activity ended. See also prov:startedAtTime.,endedattime,http://example.org/tbox/endedattime,xsd:dateTime,,,,,,,,,,,,,,,,
node,138,TBox,property,False,skm,An optional domain specific ID.,secondaryid,http://example.org/tbox/secondaryid,xsd:anyURI,,,,,,,,,,,,,,,,
node,139,TBox,property,False,skm,A query string or URL in case of Document.,querystring,http://example.org/tbox/querystring,xsd:string,,,,,,,,,,,,,,,,
node,140,TBox,property,False,dcterms,A topic of the resource.,subject,http://example.org/tbox/subject,xsd:string,,,,,,,,,,,,,,,,
relationship,0,,,,,,,,,,,,,,,,,,type_of,2,Abox,110,TBox,,
relationship,1,,,,,,,,,,,,,,,,,,type_of,3,Abox,89,TBox,,
relationship,2,,,,,,,,,,,,,,,,,,type_of,4,Abox,88,TBox,,
relationship,3,,,,,,,,,,,,,,,,,,hasPart,3,Abox,4,Abox,,
relationship,4,,,,,,,,,,,,,,,,,,relation,4,Abox,2,Abox,,
relationship,5,,,,,,,,,,,,,,,,,,type_of,5,Abox,108,TBox,,
relationship,6,,,,,,,,,,,,,,,,,,hasPart,2,Abox,5,Abox,,
relationship,7,,,,,,,,,,,,,,,,,,type_of,6,Abox,82,TBox,,
relationship,8,,,,,,,,,,,,,,,,,,type_of,7,Abox,82,TBox,,
relationship,9,,,,,,,,,,,,,,,,,,type_of,8,Abox,73,TBox,,
relationship,10,,,,,,,,,,,,,,,,,,type_of,9,Abox,73,TBox,,
relationship,11,,,,,,,,,,,,,,,,,,type_of,10,Abox,73,TBox,,
relationship,12,,,,,,,,,,,,,,,,,,type_of,11,Abox,73,TBox,,
relationship,13,,,,,,,,,,,,,,,,,,type_of,12,Abox,103,TBox,,
relationship,14,,,,,,,,,,,,,,,,,,requires,12,Abox,11,Abox,,
relationship,15,,,,,,,,,,,,,,,,,,wasGeneratedBy,12,Abox,6,Abox,,
relationship,16,,,,,,,,,,,,,,,,,,wasAssociatedWith,6,Abox,5,Abox,,
relationship,17,,,,,,,,,,,,,,,,,,type_of,13,Abox,102,TBox,,
relationship,18,,,,,,,,,,,,,,,,,,type_of,14,Abox,81,TBox,,
relationship,19,,,,,,,,,,,,,,,,,,type_of,15,Abox,76,TBox,,
relationship,20,,,,,,,,,,,,,,,,,,wasAssociatedWith,14,Abox,15,Abox,,
relationship,21,,,,,,,,,,,,,,,,,,wasAssociatedWith,7,Abox,15,Abox,,
relationship,22,,,,,,,,,,,,,,,,,,requires,13,Abox,10,Abox,,
relationship,23,,,,,,,,,,,,,,,,,,wasGeneratedBy,13,Abox,7,Abox,,
relationship,24,,,,,,,,,,,,,,,,,,type_of,16,Abox,80,TBox,,
relationship,25,,,,,,,,,,,,,,,,,,used,16,Abox,13,Abox,,
relationship,26,,,,,,,,,,,,,,,,,,wasAssociatedWith,16,Abox,15,Abox,,
relationship,27,,,,,,,,,,,,,,,,,,hasPart,14,Abox,7,Abox,,
relationship,28,,,,,,,,,,,,,,,,,,wasAssociatedWith,7,Abox,3,Abox,,
relationship,29,,,,,,,,,,,,,,,,,,type_of,17,Abox,95,TBox,,
relationship,30,,,,,,,,,,,,,,,,,,type_of,18,Abox,72,TBox,,
relationship,31,,,,,,,,,,,,,,,,,,subclass_of,25,TBox,24,TBox,,
relationship,32,,,,,,,,,,,,,,,,,,subclass_of,26,TBox,24,TBox,,
relationship,33,,,,,,,,,,,,,,,,,,subclass_of,27,TBox,24,TBox,,
relationship,34,,,,,,,,,,,,,,,,,,subclass_of,70,TBox,27,TBox,,
relationship,35,,,,,,,,,,,,,,,,,,subclass_of,71,TBox,70,TBox,,
relationship,36,,,,,,,,,,,,,,,,,,subclass_of,72,TBox,70,TBox,,
relationship,37,,,,,,,,,,,,,,,,,,subclass_of,73,TBox,70,TBox,,
relationship,38,,,,,,,,,,,,,,,,,,type_of,19,Abox,79,TBox,,
relationship,39,,,,,,,,,,,,,,,,,,type_of,20,Abox,111,TBox,,
relationship,40,,,,,,,,,,,,,,,,,,wasAssociatedWith,19,Abox,20,Abox,,
relationship,41,,,,,,,,,,,,,,,,,,used,19,Abox,17,Abox,,
relationship,42,,,,,,,,,,,,,,,,,,wasGeneratedBy,18,Abox,19,Abox,,
relationship,43,,,,,,,,,,,,,,,,,,requires,18,Abox,9,Abox,,
relationship,44,,,,,,,,,,,,,,,,,,used,19,Abox,12,Abox,,
relationship,45,,,,,,,,,,,,,,,,,,wasGeneratedBy,17,Abox,16,Abox,,
relationship,46,,,,,,,,,,,,,,,,,,requires,17,Abox,8,Abox,,
relationship,47,,,,,,,,,,,,,,,,,,type_of,21,Abox,85,TBox,,
relationship,48,,,,,,,,,,,,,,,,,,type_of,22,Abox,86,TBox,,
relationship,49,,,,,,,,,,,,,,,,,,type_of,23,Abox,101,TBox,,
relationship,50,,,,,,,,,,,,,,,,,,type_of,28,Abox,83,TBox,,
relationship,51,,,,,,,,,,,,,,,,,,type_of,29,Abox,95,TBox,,
relationship,52,,,,,,,,,,,,,,,,,,type_of,30,Abox,77,TBox,,
relationship,53,,,,,,,,,,,,,,,,,,used,21,Abox,12,Abox,,
relationship,54,,,,,,,,,,,,,,,,,,type_of,31,Abox,93,TBox,,
relationship,55,,,,,,,,,,,,,,,,,,wasAssociatedWith,21,Abox,31,Abox,,
relationship,56,,,,,,,,,,,,,,,,,,wasAssociatedWith,22,Abox,31,Abox,,
relationship,57,,,,,,,,,,,,,,,,,,used,22,Abox,23,Abox,,
relationship,58,,,,,,,,,,,,,,,,,,wasGeneratedBy,23,Abox,28,Abox,,
relationship,59,,,,,,,,,,,,,,,,,,used,28,Abox,29,Abox,,
relationship,60,,,,,,,,,,,,,,,,,,wasassociatedWith,28,Abox,30,Abox,,
relationship,61,,,,,,,,,,,,,,,,,,requires,29,Abox,9,Abox,,
relationship,62,,,,,,,,,,,,,,,,,,requires,17,Abox,8,Abox,,
relationship,63,,,,,,,,,,,,,,,,,,used,21,Abox,17,Abox,,
relationship,64,,,,,,,,,,,,,,,,,,type_of,32,Abox,98,TBox,,
relationship,65,,,,,,,,,,,,,,,,,,type_of,33,Abox,98,TBox,,
relationship,66,,,,,,,,,,,,,,,,,,subclass_of,74,TBox,25,TBox,,
relationship,67,,,,,,,,,,,,,,,,,,subclass_of,75,TBox,25,TBox,,
relationship,68,,,,,,,,,,,,,,,,,,subclass_of,76,TBox,25,TBox,,
relationship,69,,,,,,,,,,,,,,,,,,subclass_of,77,TBox,76,TBox,,
relationship,70,,,,,,,,,,,,,,,,,,subclass_of,78,TBox,26,TBox,,
relationship,71,,,,,,,,,,,,,,,,,,subclass_of,79,TBox,26,TBox,,
relationship,72,,,,,,,,,,,,,,,,,,subclass_of,80,TBox,26,TBox,,
relationship,73,,,,,,,,,,,,,,,,,,subclass_of,81,TBox,26,TBox,,
relationship,74,,,,,,,,,,,,,,,,,,subclass_of,82,TBox,26,TBox,,
relationship,75,,,,,,,,,,,,,,,,,,subclass_of,83,TBox,26,TBox,,
relationship,76,,,,,,,,,,,,,,,,,,subclass_of,84,TBox,26,TBox,,
relationship,77,,,,,,,,,,,,,,,,,,subclass_of,85,TBox,26,TBox,,
relationship,78,,,,,,,,,,,,,,,,,,subclass_of,86,TBox,26,TBox,,
relationship,79,,,,,,,,,,,,,,,,,,subclass_of,87,TBox,26,TBox,,
relationship,80,,,,,,,,,,,,,,,,,,subclass_of,88,TBox,25,TBox,,
relationship,81,,,,,,,,,,,,,,,,,,subclass_of,89,TBox,25,TBox,,
relationship,82,,,,,,,,,,,,,,,,,,subclass_of,90,TBox,70,TBox,,
relationship,83,,,,,,,,,,,,,,,,,,subclass_of,91,TBox,111,TBox,,
relationship,84,,,,,,,,,,,,,,,,,,subclass_of,93,TBox,111,TBox,,
relationship,85,,,,,,,,,,,,,,,,,,subclass_of,94,TBox,111,TBox,,
relationship,86,,,,,,,,,,,,,,,,,,subclass_of,95,TBox,72,TBox,,
relationship,87,,,,,,,,,,,,,,,,,,subclass_of,96,TBox,72,TBox,,
relationship,88,,,,,,,,,,,,,,,,,,subclass_of,97,TBox,72,TBox,,
relationship,89,,,,,,,,,,,,,,,,,,subclass_of,98,TBox,72,TBox,,
relationship,90,,,,,,,,,,,,,,,,,,subclass_of,99,TBox,72,TBox,,
relationship,91,,,,,,,,,,,,,,,,,,subclass_of,100,TBox,72,TBox,,
relationship,92,,,,,,,,,,,,,,,,,,subclass_of,101,TBox,71,TBox,,
relationship,93,,,,,,,,,,,,,,,,,,subclass_of,102,TBox,71,TBox,,
relationship,94,,,,,,,,,,,,,,,,,,subclass_of,103,TBox,72,TBox,,
relationship,95,,,,,,,,,,,,,,,,,,subclass_of,104,TBox,27,TBox,,
relationship,96,,,,,,,,,,,,,,,,,,wasGeneratedBy,33,Abox,21,Abox,,
relationship,97,,,,,,,,,,,,,,,,,,used,28,Abox,33,Abox,,
relationship,98,,,,,,,,,,,,,,,,,,type_of,34,Abox,84,TBox,,
relationship,99,,,,,,,,,,,,,,,,,,wasAssociatedWith,34,Abox,31,Abox,,
relationship,100,,,,,,,,,,,,,,,,,,type_of,35,Abox,97,TBox,,
relationship,101,,,,,,,,,,,,,,,,,,wasGeneratedBy,35,Abox,22,Abox,,
relationship,102,,,,,,,,,,,,,,,,,,used,34,Abox,35,Abox,,
relationship,103,,,,,,,,,,,,,,,,,,wasGeneratedBy,32,Abox,34,Abox,,
relationship,104,,,,,,,,,,,,,,,,,,type_of,36,Abox,103,TBox,,
relationship,105,,,,,,,,,,,,,,,,,,used,34,Abox,36,Abox,,
relationship,107,,,,,,,,,,,,,,,,,,subclass_of,105,TBox,93,TBox,,
relationship,108,,,,,,,,,,,,,,,,,,subclass_of,107,TBox,114,TBox,,
relationship,109,,,,,,,,,,,,,,,,,,subclass_of,108,TBox,114,TBox,,
relationship,110,,,,,,,,,,,,,,,,,,subclass_of,109,TBox,114,TBox,,
relationship,111,,,,,,,,,,,,,,,,,,subclass_of,110,TBox,114,TBox,,
relationship,112,,,,,,,,,,,,,,,,,,subclass_of,111,TBox,75,TBox,,
relationship,113,,,,,,,,,,,,,,,,,,subclass_of,112,TBox,75,TBox,,
relationship,114,,,,,,,,,,,,,,,,,,subclass_of,113,TBox,93,TBox,,
relationship,115,,,,,,,,,,,,,,,,,,subclass_of,114,TBox,75,TBox,,
relationship,116,,,,dcterms,"A related KBMSThing  that is referenced, cited, or otherwise pointed to by the described SKMThing",references,http://example.org/tbox/references,,,,,,,,,,,object_property,24,TBox,24,TBox,upper,
relationship,117,,,,dcterms,A relation between two KBMSThings (bi-directional version of references),relation,http://example.org/tbox/relation,,,,,,,,,,,object_property,24,TBox,24,TBox,upper,
relationship,118,,,,dcterms,A related KBMSThing that is included either physically or logically in the described SKMThing.,haspart,http://example.org/tbox/haspart,,,,,,,,,,,object_property,24,TBox,24,TBox,upper,
relationship,119,,,,dcterms,"A related resource that is supplanted, displaced, or superseded by the described resource.",replaces,http://example.org/tbox/replaces,,,,,,,,,,,object_property,24,TBox,24,TBox,upper,
relationship,120,,,,dcterms,"The Document includes  a statement about various property rights associated with the SKMThing, including intellectual property rights.",rights,http://example.org/tbox/rights,,,,,,,,,,,object_property,70,TBox,71,TBox,upper,
relationship,121,,,,dcterms,A person or organization owning or managing rights over the SKMThing.,rightsholder,http://example.org/tbox/rightsholder,,,,,,,,,,,object_property,70,TBox,25,TBox,upper,
relationship,122,,,,dcterms,A user that created the instance in the SKM system.,creator,http://example.org/tbox/creator,,,,,,,,,,,object_property,24,TBox,25,TBox,upper,
relationship,123,,,,dcterms,The related Document describes subunits of the resource.,tableofcontents,http://example.org/tbox/tableofcontents,,,,,,,,,,,object_property,24,TBox,71,TBox,upper,
relationship,124,,,,foaf,This Person is a member of this Project.,member,http://example.org/tbox/member,,,,,,,,,,,object_property,26,TBox,76,TBox,upper,
relationship,125,,,,foaf,This Person is a member of this Organization.,member,http://example.org/tbox/member,,,,,,,,,,,object_property,74,TBox,76,TBox,upper,
relationship,126,,,,dcterms,"A related resource that is required by the described data to support its function, delivery, or coherence.",requires,http://example.org/tbox/requires,,,,,,,,,,,object_property,70,TBox,73,TBox,upper,
relationship,127,,,,prov,Generation is the completion of production of a new entity by an activity. This entity did not exist before generation and becomes available for usage after this generation.,wasgeneratedby,http://example.org/tbox/wasgeneratedby,,,,,,,,,,,object_property,27,TBox,26,TBox,upper,
relationship,128,,,,prov,"A derivation is a transformation of an entity into another, an update of an entity resulting in a new one, or the construction of a new entity based on a pre-existing entity.",wasderivedfrom,http://example.org/tbox/wasderivedfrom,,,,,,,,,,,object_property,27,TBox,27,TBox,upper,
relationship,129,,,,prov,Attribution is the ascribing of an entity to an agent.,wasattributedto,http://example.org/tbox/wasattributedto,,,,,,,,,,,object_property,27,TBox,25,TBox,upper,
relationship,130,,,,prov,"Usage is the beginning of utilizing an entity by an activity. Before usage, the activity had not begun to utilize this entity and could not have been affected by the entity.",used,http://example.org/tbox/used,,,,,,,,,,,object_property,26,TBox,27,TBox,upper,
relationship,131,,,,prov,"Communication is the exchange of an entity by two activities, one activity using the entity generated by the other.",wasinformedby,http://example.org/tbox/wasinformedby,,,,,,,,,,,object_property,26,TBox,26,TBox,upper,
relationship,132,,,,prov,"An activity association is an assignment of responsibility to an agent for an activity, indicating that the agent had a role in the activity. It further allows for a plan to be specified, which is the plan intended by the agent to achieve some goals in the context of this activity.",wasassociatedwith,http://example.org/tbox/wasassociatedwith,,,,,,,,,,,object_property,26,TBox,25,TBox,upper,
relationship,133,,,,prov,"Delegation is the assignment of authority and responsibility to an agent (by itself or by another agent) to carry out a specific activity as a delegate or representative, while the agent it acts on behalf of retains some responsibility for the outcome of the delegated work. For example, a student acted on behalf of his supervisor, who acted on behalf of the department chair, who acted on behalf of the university; all those agents are responsible in some way for the activity that took place but we do not say explicitly who bears responsibility and to what degree.",actedonbehalfof,http://example.org/tbox/actedonbehalfof,,,,,,,,,,,object_property,25,TBox,25,TBox,upper,
relationship,134,,,,,,,,,,,,,,,,,,required_property,24,TBox,126,TBox,,property
relationship,135,,,,,,,,,,,,,,,,,,required_property,24,TBox,127,TBox,,property
relationship,136,,,,,,,,,,,,,,,,,,required_property,24,TBox,125,TBox,,property
relationship,137,,,,,,,,,,,,,,,,,,required_property,77,TBox,135,TBox,,property
relationship,138,,,,,,,,,,,,,,,,,,optional_property,24,TBox,129,TBox,,property
relationship,139,,,,,,,,,,,,,,,,,,optional_property,24,TBox,138,TBox,,property
relationship,140,,,,,,,,,,,,,,,,,,optional_property,24,TBox,123,TBox,,property
relationship,141,,,,,,,,,,,,,,,,,,optional_property,26,TBox,137,TBox,,property
relationship,142,,,,,,,,,,,,,,,,,,optional_property,26,TBox,136,TBox,,property
relationship,143,,,,,,,,,,,,,,,,,,optional_property,70,TBox,124,TBox,,property
relationship,144,,,,,,,,,,,,,,,,,,optional_property,70,TBox,140,TBox,,property
relationship,145,,,,,,,,,,,,,,,,,,optional_property,70,TBox,123,TBox,,property
relationship,146,,,,,,,,,,,,,,,,,,optional_property,73,TBox,132,TBox,,property
relationship,147,,,,,,,,,,,,,,,,,,optional_property,73,TBox,131,TBox,,property
relationship,148,,,,,,,,,,,,,,,,,,optional_property,73,TBox,139,TBox,,property
relationship,149,,,,,,,,,,,,,,,,,,optional_property,76,TBox,133,TBox,,property
relationship,150,,,,,,,,,,,,,,,,,,optional_property,76,TBox,134,TBox,,property
